{"cameraMode":{"drawMode":0,"name":"Shaded","section":"Shading Mode"},"sceneLighting":false,"audioPlay":false,"sceneViewState":{"showFog":false,"showMaterialUpdate":false,"showSkybox":false,"showFlares":false,"showImageEffects":false,"showParticleSystems":false},"in2DMode":false,"pivot":{"x":1.7000000476837159,"y":1.9879999160766602,"z":10.799599647521973},"rotation":{"x":0.21594813466072083,"y":-0.03600798547267914,"z":0.00791575200855732,"w":0.9757086038589478},"size":2.8578836917877199,"orthographic":false}