{"cameraMode":{"drawMode":0,"name":"Shaded","section":"Shading Mode"},"sceneLighting":false,"audioPlay":false,"sceneViewState":{"showFog":false,"showMaterialUpdate":false,"showSkybox":false,"showFlares":false,"showImageEffects":false,"showParticleSystems":false},"in2DMode":false,"pivot":{"x":7.869999885559082,"y":2.0040009021759035,"z":10.741859436035157},"rotation":{"x":0.3753809928894043,"y":0.6137043833732605,"z":-0.4121170938014984,"w":0.5591203570365906},"size":4.413326740264893,"orthographic":false}